<?xml version="1.0" encoding="utf-8"?>
<ApplicationInstallerManifest>
   <DefaultInstallationDirectory>/Applications/University_of_Massachusetts_Boston/ChromCond_Full/</DefaultInstallationDirectory>
   <ApplicationName>ChromCond_Full</ApplicationName>
   <ExecutableName>application/ChromCond_Full.exe</ExecutableName>
   <GUID>d12fa6e7-5d4c-4fcd-833a-a7bb27389229</GUID>
   <ApplicationIcon>default_icon_48.png</ApplicationIcon>
   <Logo>default_logo.png</Logo>
   <Version>1.0</Version>
   <InstallationNotes>In the following directions, replace MCR_ROOT by the directory where the MATLAB Runtime is installed on the target machine.

If the environment variable DYLD_LIBRARY_PATH is undefined, set it to the concatenation of the following strings:

    MCR_ROOT/v91/runtime/maci64:
    MCR_ROOT/v91/sys/os/maci64:
    MCR_ROOT/v91/bin/maci64

If it is defined, set it to the concatenation of these strings:

    ${LD_LIBRARY_PATH}: 
    MCR_ROOT/v91/runtime/maci64:
    MCR_ROOT/v91/sys/os/maci64:
    MCR_ROOT/v91/bin/maci64</InstallationNotes>
   <AuthorOrganization>University of Massachusetts Boston</AuthorOrganization>
   <Summary>This program performs Quantitative Analysis of Chromatin Condensation</Summary>
   <WelcomePanelText>ChromCond_Full 1.0
This program performs Quantitative Analysis of Chromatin Condensation
Julian Sosnik
julian.sosnik@umb.edu</WelcomePanelText>
   <MCRProducts>
      <MCRProduct>
         <ExternalProductIdentifier>35000</ExternalProductIdentifier>
      </MCRProduct>
      <MCRProduct>
         <ExternalProductIdentifier>35001</ExternalProductIdentifier>
      </MCRProduct>
      <MCRProduct>
         <ExternalProductIdentifier>35010</ExternalProductIdentifier>
      </MCRProduct>
   </MCRProducts>
</ApplicationInstallerManifest>